,fromNode,toNode,weight,direction,fromAltName,toAltName
1,ABCB9,ADAMTSL3,0.542092762322417,undirected,ABCB9,ADAMTSL3
2,ABCB9,ARFGAP2,0.73592271044765,undirected,ABCB9,ARFGAP2
3,ABCB9,BAP1,0.879538664811533,undirected,ABCB9,BAP1
4,ABCB9,CROT,-0.585740695102786,undirected,ABCB9,CROT
5,ABCB9,DARS2,-0.522583776071825,undirected,ABCB9,DARS2
6,ABCB9,HIP1R,0.62677574878,undirected,ABCB9,HIP1R
7,ABCB9,LETM2,-0.558944282282281,undirected,ABCB9,LETM2
8,ABCB9,MYO15A,0.698365923955954,undirected,ABCB9,MYO15A
9,ABCB9,NCK1,-0.629038739304028,undirected,ABCB9,NCK1
10,ABCB9,NMUR2,0.525540557655531,undirected,ABCB9,NMUR2
11,ABCB9,SCAF1,0.657929234025727,undirected,ABCB9,SCAF1
12,ABCB9,SEMA6C,0.707712320906167,undirected,ABCB9,SEMA6C
13,ABCB9,SERPINC1,0.554648908942361,undirected,ABCB9,SERPINC1
14,ABCB9,SUGP1,0.696706276652716,undirected,ABCB9,SUGP1
15,ABCB9,TLR9,0.787911282155252,undirected,ABCB9,TLR9
16,ABCB9,TRMT61A,0.50107708334675,undirected,ABCB9,TRMT61A
17,ABCB9,TSNARE1,0.709809753158753,undirected,ABCB9,TSNARE1
18,ABCB9,TWF2,0.544137038795022,undirected,ABCB9,TWF2
19,ABCB9,YPEL3,0.80763014637085,undirected,ABCB9,YPEL3
20,ABCD2,ADAMTSL3,0.705680311131942,undirected,ABCD2,ADAMTSL3
21,ABCD2,AKT3,0.85568528440899,undirected,ABCD2,AKT3
22,ABCD2,ALAS1,0.554387703483089,undirected,ABCD2,ALAS1
23,ABCD2,ANKRD44,0.838570075461412,undirected,ABCD2,ANKRD44
24,ABCD2,ARL6IP4,-0.758725393842801,undirected,ABCD2,ARL6IP4
25,ABCD2,ATPAF2,-0.817307971253286,undirected,ABCD2,ATPAF2
26,ABCD2,B9D1,-0.722394413219069,undirected,ABCD2,B9D1
27,ABCD2,C22orf46,-0.691125807598924,undirected,ABCD2,C22orf46
28,ABCD2,CHRNB4,-0.642721748604723,undirected,ABCD2,CHRNB4
29,ABCD2,CROT,-0.549208198610345,undirected,ABCD2,CROT
30,ABCD2,CSMD1,0.698262612982932,undirected,ABCD2,CSMD1
31,ABCD2,DAAM1,0.792961251472825,undirected,ABCD2,DAAM1
32,ABCD2,DARS2,-0.693650713086091,undirected,ABCD2,DARS2
33,ABCD2,GLYCTK,-0.924832194753523,undirected,ABCD2,GLYCTK
34,ABCD2,GPM6A,0.856555556133512,undirected,ABCD2,GPM6A
35,ABCD2,HIP1R,0.695014972053898,undirected,ABCD2,HIP1R
36,ABCD2,HSPE1,-0.726744722078283,undirected,ABCD2,HSPE1
37,ABCD2,IPO13,-0.723830655931604,undirected,ABCD2,IPO13
38,ABCD2,LETM2,-0.611168583905146,undirected,ABCD2,LETM2
39,ABCD2,LSM1,-0.618839108546452,undirected,ABCD2,LSM1
40,ABCD2,MAP3K11,-0.700484378906737,undirected,ABCD2,MAP3K11
41,ABCD2,MEF2C,0.755615917544736,undirected,ABCD2,MEF2C
42,ABCD2,MFHAS1,0.873485650032843,undirected,ABCD2,MFHAS1
43,ABCD2,MYO15A,0.502561260048605,undirected,ABCD2,MYO15A
44,ABCD2,NDFIP2,0.650189146594882,undirected,ABCD2,NDFIP2
45,ABCD2,OPCML,0.661300895124348,undirected,ABCD2,OPCML
46,ABCD2,PLCL1,0.853761128366053,undirected,ABCD2,PLCL1
47,ABCD2,PTPRF,-0.759324267803051,undirected,ABCD2,PTPRF
48,ABCD2,RAD9B,-0.799065433886601,undirected,ABCD2,RAD9B
49,ABCD2,RBFOX1,0.726359517107446,undirected,ABCD2,RBFOX1
50,ABCD2,RGS6,0.568427936979548,undirected,ABCD2,RGS6
51,ABCD2,RWDD2A,0.899295303614286,undirected,ABCD2,RWDD2A
52,ABCD2,SATB2,0.775600608310022,undirected,ABCD2,SATB2
53,ABCD2,SEMA6C,0.503505312873557,undirected,ABCD2,SEMA6C
54,ABCD2,SNX8,-0.656591278815576,undirected,ABCD2,SNX8
55,ABCD2,SRPK2,0.832510049687482,undirected,ABCD2,SRPK2
56,ABCD2,TRANK1,-0.843227282188143,undirected,ABCD2,TRANK1
57,ABCD2,TRMT61A,-0.610492854357327,undirected,ABCD2,TRMT61A
58,ABCD2,ZEB2,0.927379521090241,undirected,ABCD2,ZEB2
59,ADAMTSL3,AKT3,0.820846359806666,undirected,ADAMTSL3,AKT3
60,ADAMTSL3,ALAS1,0.607346698157701,undirected,ADAMTSL3,ALAS1
61,ADAMTSL3,ANKRD44,0.877195334670236,undirected,ADAMTSL3,ANKRD44
62,ADAMTSL3,ARFGAP2,0.555576875590708,undirected,ADAMTSL3,ARFGAP2
63,ADAMTSL3,ATPAF2,-0.756626687069342,undirected,ADAMTSL3,ATPAF2
64,ADAMTSL3,B9D1,-0.831862557103015,undirected,ADAMTSL3,B9D1
65,ADAMTSL3,BAP1,0.641984918883906,undirected,ADAMTSL3,BAP1
66,ADAMTSL3,C22orf46,-0.586368779211281,undirected,ADAMTSL3,C22orf46
67,ADAMTSL3,CHRNB4,-0.731101816446969,undirected,ADAMTSL3,CHRNB4
68,ADAMTSL3,CROT,-0.792469050312396,undirected,ADAMTSL3,CROT
69,ADAMTSL3,CSMD1,0.691812378653282,undirected,ADAMTSL3,CSMD1
70,ADAMTSL3,DAAM1,0.672352370010262,undirected,ADAMTSL3,DAAM1
71,ADAMTSL3,DARS2,-0.776798746608545,undirected,ADAMTSL3,DARS2
72,ADAMTSL3,DGKI,0.509174715995843,undirected,ADAMTSL3,DGKI
73,ADAMTSL3,GLYCTK,-0.844921575947972,undirected,ADAMTSL3,GLYCTK
74,ADAMTSL3,GPM6A,0.840202435719422,undirected,ADAMTSL3,GPM6A
75,ADAMTSL3,HIP1R,0.852265942143839,undirected,ADAMTSL3,HIP1R
76,ADAMTSL3,HSPE1,-0.74741530463375,undirected,ADAMTSL3,HSPE1
77,ADAMTSL3,IPO13,-0.505608917258535,undirected,ADAMTSL3,IPO13
78,ADAMTSL3,LETM2,-0.785306453504093,undirected,ADAMTSL3,LETM2
79,ADAMTSL3,LSM1,-0.550808550971076,undirected,ADAMTSL3,LSM1
80,ADAMTSL3,MADD,0.692087458883356,undirected,ADAMTSL3,MADD
81,ADAMTSL3,MEF2C,0.794130238342089,undirected,ADAMTSL3,MEF2C
82,ADAMTSL3,MFHAS1,0.792595758543207,undirected,ADAMTSL3,MFHAS1
83,ADAMTSL3,MYO15A,0.718686557233474,undirected,ADAMTSL3,MYO15A
84,ADAMTSL3,NCK1,-0.617683331906718,undirected,ADAMTSL3,NCK1
85,ADAMTSL3,NDFIP2,0.538511744239486,undirected,ADAMTSL3,NDFIP2
86,ADAMTSL3,OPCML,0.707577458929885,undirected,ADAMTSL3,OPCML
87,ADAMTSL3,PLCL1,0.676999224178812,undirected,ADAMTSL3,PLCL1
88,ADAMTSL3,PTPRF,-0.779242905067274,undirected,ADAMTSL3,PTPRF
89,ADAMTSL3,RAD9B,-0.883414689865828,undirected,ADAMTSL3,RAD9B
90,ADAMTSL3,RBFOX1,0.602674554348583,undirected,ADAMTSL3,RBFOX1
91,ADAMTSL3,RGS6,0.654292591593522,undirected,ADAMTSL3,RGS6
92,ADAMTSL3,RWDD2A,0.786396470965943,undirected,ADAMTSL3,RWDD2A
93,ADAMTSL3,SATB2,0.797109132468734,undirected,ADAMTSL3,SATB2
94,ADAMTSL3,SEMA6C,0.73249944041074,undirected,ADAMTSL3,SEMA6C
95,ADAMTSL3,SERPINC1,0.586059013336309,undirected,ADAMTSL3,SERPINC1
96,ADAMTSL3,SRPK2,0.696562291354076,undirected,ADAMTSL3,SRPK2
97,ADAMTSL3,TLR9,0.565280493129888,undirected,ADAMTSL3,TLR9
98,ADAMTSL3,TRANK1,-0.86325055002861,undirected,ADAMTSL3,TRANK1
99,ADAMTSL3,ZEB2,0.849309763834912,undirected,ADAMTSL3,ZEB2
100,AKT3,ALAS1,0.709802929541514,undirected,AKT3,ALAS1
101,AKT3,ANKRD44,0.974780468987769,undirected,AKT3,ANKRD44
102,AKT3,ARL6IP4,-0.678673136337586,undirected,AKT3,ARL6IP4
103,AKT3,ATPAF2,-0.886131030571671,undirected,AKT3,ATPAF2
104,AKT3,B9D1,-0.839377901705243,undirected,AKT3,B9D1
105,AKT3,BAP1,0.603659626163864,undirected,AKT3,BAP1
106,AKT3,C22orf46,-0.576754569031158,undirected,AKT3,C22orf46
107,AKT3,CHRNB4,-0.734357835702566,undirected,AKT3,CHRNB4
108,AKT3,CROT,-0.810769856434067,undirected,AKT3,CROT
109,AKT3,CSMD1,0.661741113811873,undirected,AKT3,CSMD1
110,AKT3,DAAM1,0.770796986634075,undirected,AKT3,DAAM1
111,AKT3,DARS2,-0.873754788256444,undirected,AKT3,DARS2
112,AKT3,DGKI,0.72190653367525,undirected,AKT3,DGKI
113,AKT3,GLYCTK,-0.939309152942742,undirected,AKT3,GLYCTK
114,AKT3,GPM6A,0.864927329249357,undirected,AKT3,GPM6A
115,AKT3,HIP1R,0.753341963067428,undirected,AKT3,HIP1R
116,AKT3,HSPE1,-0.815918286119703,undirected,AKT3,HSPE1
117,AKT3,IPO13,-0.535768680653216,undirected,AKT3,IPO13
118,AKT3,LETM2,-0.778359280563912,undirected,AKT3,LETM2
119,AKT3,LSM1,-0.810009112511765,undirected,AKT3,LSM1
120,AKT3,MADD,0.730610308340814,undirected,AKT3,MADD
121,AKT3,MAP3K11,-0.654038967818161,undirected,AKT3,MAP3K11
122,AKT3,MEF2C,0.919978828876749,undirected,AKT3,MEF2C
123,AKT3,MFHAS1,0.962344690663188,undirected,AKT3,MFHAS1
124,AKT3,MYO15A,0.740523431842141,undirected,AKT3,MYO15A
125,AKT3,NCK1,-0.708315359641428,undirected,AKT3,NCK1
126,AKT3,NDFIP2,0.592763422319016,undirected,AKT3,NDFIP2
127,AKT3,OPCML,0.877530484578305,undirected,AKT3,OPCML
128,AKT3,PLCL1,0.864150718481359,undirected,AKT3,PLCL1
129,AKT3,PTPRF,-0.805906447096834,undirected,AKT3,PTPRF
130,AKT3,RAD9B,-0.916475696325964,undirected,AKT3,RAD9B
131,AKT3,RBFOX1,0.852979699041048,undirected,AKT3,RBFOX1
132,AKT3,RGS6,0.84368302479967,undirected,AKT3,RGS6
133,AKT3,RWDD2A,0.845476952122216,undirected,AKT3,RWDD2A
134,AKT3,SATB2,0.875998384298292,undirected,AKT3,SATB2
135,AKT3,SCAF1,0.525598674754317,undirected,AKT3,SCAF1
136,AKT3,SEMA6C,0.561777042614956,undirected,AKT3,SEMA6C
137,AKT3,SNX8,-0.697216319027454,undirected,AKT3,SNX8
138,AKT3,SRPK2,0.851707612888473,undirected,AKT3,SRPK2
139,AKT3,TRANK1,-0.869604650459246,undirected,AKT3,TRANK1
140,AKT3,ZEB2,0.923995842775869,undirected,AKT3,ZEB2
141,ALAS1,ANKRD44,0.752766031641388,undirected,ALAS1,ANKRD44
142,ALAS1,ARL6IP4,-0.675429512177893,undirected,ALAS1,ARL6IP4
143,ALAS1,ATPAF2,-0.697327175599201,undirected,ALAS1,ATPAF2
144,ALAS1,B9D1,-0.536764652326166,undirected,ALAS1,B9D1
145,ALAS1,C22orf46,-0.586734320943019,undirected,ALAS1,C22orf46
146,ALAS1,CHRNB4,-0.681829100420783,undirected,ALAS1,CHRNB4
147,ALAS1,CROT,-0.786537774411635,undirected,ALAS1,CROT
148,ALAS1,CSMD1,0.710738892607243,undirected,ALAS1,CSMD1
149,ALAS1,DAAM1,0.799034219249105,undirected,ALAS1,DAAM1
150,ALAS1,DARS2,-0.827452262508087,undirected,ALAS1,DARS2
151,ALAS1,DGKI,0.801286039865921,undirected,ALAS1,DGKI
152,ALAS1,GLYCTK,-0.605366932428933,undirected,ALAS1,GLYCTK
153,ALAS1,GPM6A,0.772653162778086,undirected,ALAS1,GPM6A
154,ALAS1,HIP1R,0.56466750824016,undirected,ALAS1,HIP1R
155,ALAS1,HSPE1,-0.565690705456449,undirected,ALAS1,HSPE1
156,ALAS1,LSM1,-0.792460768827296,undirected,ALAS1,LSM1
157,ALAS1,MADD,0.80311884893388,undirected,ALAS1,MADD
158,ALAS1,MAP3K11,-0.65357486735141,undirected,ALAS1,MAP3K11
159,ALAS1,MEF2C,0.745841232619048,undirected,ALAS1,MEF2C
160,ALAS1,MFHAS1,0.782385841582286,undirected,ALAS1,MFHAS1
161,ALAS1,MYO15A,0.569112257675866,undirected,ALAS1,MYO15A
162,ALAS1,NCK1,-0.770848078726329,undirected,ALAS1,NCK1
163,ALAS1,NDFIP2,0.673456368189736,undirected,ALAS1,NDFIP2
164,ALAS1,OPCML,0.797328883194538,undirected,ALAS1,OPCML
165,ALAS1,PLCL1,0.827366517857134,undirected,ALAS1,PLCL1
166,ALAS1,PTPRF,-0.803585549572284,undirected,ALAS1,PTPRF
167,ALAS1,RAD9B,-0.705557511103247,undirected,ALAS1,RAD9B
168,ALAS1,RBFOX1,0.90975371639181,undirected,ALAS1,RBFOX1
169,ALAS1,RGS6,0.7231603950716,undirected,ALAS1,RGS6
170,ALAS1,RWDD2A,0.717358660987269,undirected,ALAS1,RWDD2A
171,ALAS1,SATB2,0.737209314375761,undirected,ALAS1,SATB2
172,ALAS1,SNX8,-0.768120908390777,undirected,ALAS1,SNX8
173,ALAS1,SRPK2,0.860213029862777,undirected,ALAS1,SRPK2
174,ALAS1,TLR9,0.551257282348271,undirected,ALAS1,TLR9
175,ALAS1,TRANK1,-0.525962635947309,undirected,ALAS1,TRANK1
176,ALAS1,YPEL3,0.536047524785875,undirected,ALAS1,YPEL3
177,ALAS1,ZEB2,0.664086636009561,undirected,ALAS1,ZEB2
178,ANKRD44,ARL6IP4,-0.664173474342717,undirected,ANKRD44,ARL6IP4
179,ANKRD44,ATPAF2,-0.875580588679211,undirected,ANKRD44,ATPAF2
180,ANKRD44,B9D1,-0.856909820431023,undirected,ANKRD44,B9D1
181,ANKRD44,BAP1,0.623966009147497,undirected,ANKRD44,BAP1
182,ANKRD44,C22orf46,-0.615337896874455,undirected,ANKRD44,C22orf46
183,ANKRD44,CHRNB4,-0.777853746148995,undirected,ANKRD44,CHRNB4
184,ANKRD44,CROT,-0.845933753365955,undirected,ANKRD44,CROT
185,ANKRD44,CSMD1,0.739135077996162,undirected,ANKRD44,CSMD1
186,ANKRD44,DAAM1,0.808525517478733,undirected,ANKRD44,DAAM1
187,ANKRD44,DARS2,-0.917887345489104,undirected,ANKRD44,DARS2
188,ANKRD44,DGKI,0.735960664957147,undirected,ANKRD44,DGKI
189,ANKRD44,GLYCTK,-0.9285112773923,undirected,ANKRD44,GLYCTK
190,ANKRD44,GPM6A,0.899862730772639,undirected,ANKRD44,GPM6A
191,ANKRD44,HIP1R,0.812776252662697,undirected,ANKRD44,HIP1R
192,ANKRD44,HSPE1,-0.844221471063593,undirected,ANKRD44,HSPE1
193,ANKRD44,IPO13,-0.510409075942983,undirected,ANKRD44,IPO13
194,ANKRD44,LETM2,-0.801304086654838,undirected,ANKRD44,LETM2
195,ANKRD44,LSM1,-0.822649227426983,undirected,ANKRD44,LSM1
196,ANKRD44,MADD,0.776883947039993,undirected,ANKRD44,MADD
197,ANKRD44,MAP3K11,-0.613394355773227,undirected,ANKRD44,MAP3K11
198,ANKRD44,MEF2C,0.910068200568965,undirected,ANKRD44,MEF2C
199,ANKRD44,MFHAS1,0.971871316207866,undirected,ANKRD44,MFHAS1
200,ANKRD44,MYO15A,0.77139331995648,undirected,ANKRD44,MYO15A
201,ANKRD44,NCK1,-0.743546161236163,undirected,ANKRD44,NCK1
202,ANKRD44,NDFIP2,0.63340711476902,undirected,ANKRD44,NDFIP2
203,ANKRD44,OPCML,0.882973213037865,undirected,ANKRD44,OPCML
204,ANKRD44,PLCL1,0.872615689687613,undirected,ANKRD44,PLCL1
205,ANKRD44,PTPRF,-0.852453985370399,undirected,ANKRD44,PTPRF
206,ANKRD44,RAD9B,-0.942404854231649,undirected,ANKRD44,RAD9B
207,ANKRD44,RBFOX1,0.861972537926479,undirected,ANKRD44,RBFOX1
208,ANKRD44,RGS6,0.849128867273252,undirected,ANKRD44,RGS6
209,ANKRD44,RWDD2A,0.85466703239441,undirected,ANKRD44,RWDD2A
210,ANKRD44,SATB2,0.892439589980696,undirected,ANKRD44,SATB2
211,ANKRD44,SEMA6C,0.593748839467482,undirected,ANKRD44,SEMA6C
212,ANKRD44,SNX8,-0.687243103796338,undirected,ANKRD44,SNX8
213,ANKRD44,SRPK2,0.878287123359773,undirected,ANKRD44,SRPK2
214,ANKRD44,TRANK1,-0.884093593665176,undirected,ANKRD44,TRANK1
215,ANKRD44,YPEL3,0.53297336548655,undirected,ANKRD44,YPEL3
216,ANKRD44,ZEB2,0.92309945205181,undirected,ANKRD44,ZEB2
217,ARFGAP2,ATPAF2,-0.542833483974124,undirected,ARFGAP2,ATPAF2
218,ARFGAP2,BAP1,0.804476599871494,undirected,ARFGAP2,BAP1
219,ARFGAP2,CROT,-0.524264337114927,undirected,ARFGAP2,CROT
220,ARFGAP2,DARS2,-0.50846570730397,undirected,ARFGAP2,DARS2
221,ARFGAP2,GLYCTK,-0.507954362761789,undirected,ARFGAP2,GLYCTK
222,ARFGAP2,HIP1R,0.515611283981503,undirected,ARFGAP2,HIP1R
223,ARFGAP2,LETM2,-0.511317468549897,undirected,ARFGAP2,LETM2
224,ARFGAP2,MEF2C,0.519112768687575,undirected,ARFGAP2,MEF2C
225,ARFGAP2,MYO15A,0.673337530731188,undirected,ARFGAP2,MYO15A
226,ARFGAP2,RAD9B,-0.561935111459582,undirected,ARFGAP2,RAD9B
227,ARFGAP2,SATB2,0.52122963301287,undirected,ARFGAP2,SATB2
228,ARFGAP2,SCAF1,0.748465014159011,undirected,ARFGAP2,SCAF1
229,ARFGAP2,SEMA6C,0.781483037836972,undirected,ARFGAP2,SEMA6C
230,ARFGAP2,SUGP1,0.80029533465983,undirected,ARFGAP2,SUGP1
231,ARFGAP2,TLR9,0.543839917910947,undirected,ARFGAP2,TLR9
232,ARFGAP2,TSNARE1,0.600440588401965,undirected,ARFGAP2,TSNARE1
233,ARFGAP2,TWF2,0.732002219311781,undirected,ARFGAP2,TWF2
234,ARFGAP2,YPEL3,0.673718136548483,undirected,ARFGAP2,YPEL3
235,ARL6IP4,ATPAF2,0.677330875487219,undirected,ARL6IP4,ATPAF2
236,ARL6IP4,B9D1,0.515904618711404,undirected,ARL6IP4,B9D1
237,ARL6IP4,C22orf46,0.676902325890107,undirected,ARL6IP4,C22orf46
238,ARL6IP4,CSMD1,-0.722288561308873,undirected,ARL6IP4,CSMD1
239,ARL6IP4,DAAM1,-0.708309146361549,undirected,ARL6IP4,DAAM1
240,ARL6IP4,DARS2,0.542367852289101,undirected,ARL6IP4,DARS2
241,ARL6IP4,DGKI,-0.618587189055911,undirected,ARL6IP4,DGKI
242,ARL6IP4,GLYCTK,0.64611346099403,undirected,ARL6IP4,GLYCTK
243,ARL6IP4,GPM6A,-0.691747946609634,undirected,ARL6IP4,GPM6A
244,ARL6IP4,HSPE1,0.683928596550149,undirected,ARL6IP4,HSPE1
245,ARL6IP4,IPO13,0.639264902546427,undirected,ARL6IP4,IPO13
246,ARL6IP4,LSM1,0.711626246008417,undirected,ARL6IP4,LSM1
247,ARL6IP4,MADD,-0.543549218313528,undirected,ARL6IP4,MADD
248,ARL6IP4,MAP3K11,0.804075755827627,undirected,ARL6IP4,MAP3K11
249,ARL6IP4,MEF2C,-0.645516946593011,undirected,ARL6IP4,MEF2C
250,ARL6IP4,MFHAS1,-0.681584208779419,undirected,ARL6IP4,MFHAS1
251,ARL6IP4,NDFIP2,-0.743075906062616,undirected,ARL6IP4,NDFIP2
252,ARL6IP4,OPCML,-0.575649541529832,undirected,ARL6IP4,OPCML
253,ARL6IP4,PLCL1,-0.719723866581547,undirected,ARL6IP4,PLCL1
254,ARL6IP4,PTPRF,0.611541611739835,undirected,ARL6IP4,PTPRF
255,ARL6IP4,RAD9B,0.545810630570977,undirected,ARL6IP4,RAD9B
256,ARL6IP4,RBFOX1,-0.697432929007367,undirected,ARL6IP4,RBFOX1
257,ARL6IP4,RGS6,-0.618409966500421,undirected,ARL6IP4,RGS6
258,ARL6IP4,RWDD2A,-0.693828987726359,undirected,ARL6IP4,RWDD2A
259,ARL6IP4,SATB2,-0.626906626843872,undirected,ARL6IP4,SATB2
260,ARL6IP4,SNX8,0.73384313511699,undirected,ARL6IP4,SNX8
261,ARL6IP4,SRPK2,-0.810704275295181,undirected,ARL6IP4,SRPK2
262,ARL6IP4,TRMT61A,0.726714602720943,undirected,ARL6IP4,TRMT61A
263,ARL6IP4,ZEB2,-0.694822842341613,undirected,ARL6IP4,ZEB2
264,ATPAF2,B9D1,0.759421295311335,undirected,ATPAF2,B9D1
265,ATPAF2,BAP1,-0.647886783945373,undirected,ATPAF2,BAP1
266,ATPAF2,C22orf46,0.577654684614371,undirected,ATPAF2,C22orf46
267,ATPAF2,CHRNB4,0.612596080713147,undirected,ATPAF2,CHRNB4
268,ATPAF2,CROT,0.835570629623881,undirected,ATPAF2,CROT
269,ATPAF2,CSMD1,-0.717900735684721,undirected,ATPAF2,CSMD1
270,ATPAF2,DAAM1,-0.823320791396631,undirected,ATPAF2,DAAM1
271,ATPAF2,DARS2,0.891516120011072,undirected,ATPAF2,DARS2
272,ATPAF2,DGKI,-0.701574612799761,undirected,ATPAF2,DGKI
273,ATPAF2,GLYCTK,0.915833541800026,undirected,ATPAF2,GLYCTK
274,ATPAF2,GPM6A,-0.863771818061634,undirected,ATPAF2,GPM6A
275,ATPAF2,HIP1R,-0.687180569119446,undirected,ATPAF2,HIP1R
276,ATPAF2,HSPE1,0.761041224972811,undirected,ATPAF2,HSPE1
277,ATPAF2,IPO13,0.560157153252602,undirected,ATPAF2,IPO13
278,ATPAF2,LETM2,0.704473034591355,undirected,ATPAF2,LETM2
279,ATPAF2,LSM1,0.770502502851043,undirected,ATPAF2,LSM1
280,ATPAF2,MADD,-0.671256840683015,undirected,ATPAF2,MADD
281,ATPAF2,MAP3K11,0.738247299889629,undirected,ATPAF2,MAP3K11
282,ATPAF2,MEF2C,-0.942551824316998,undirected,ATPAF2,MEF2C
283,ATPAF2,MFHAS1,-0.862455383091042,undirected,ATPAF2,MFHAS1
284,ATPAF2,MYO15A,-0.743348856939453,undirected,ATPAF2,MYO15A
285,ATPAF2,NCK1,0.691371564618301,undirected,ATPAF2,NCK1
286,ATPAF2,NDFIP2,-0.656697955092344,undirected,ATPAF2,NDFIP2
287,ATPAF2,NMUR2,-0.536688454165678,undirected,ATPAF2,NMUR2
288,ATPAF2,OPCML,-0.716792040123373,undirected,ATPAF2,OPCML
289,ATPAF2,PLCL1,-0.818514397006947,undirected,ATPAF2,PLCL1
290,ATPAF2,PTPRF,0.817929142143692,undirected,ATPAF2,PTPRF
291,ATPAF2,RAD9B,0.846409940022483,undirected,ATPAF2,RAD9B
292,ATPAF2,RBFOX1,-0.785164504080316,undirected,ATPAF2,RBFOX1
293,ATPAF2,RGS6,-0.689566190833705,undirected,ATPAF2,RGS6
294,ATPAF2,RWDD2A,-0.849845696835928,undirected,ATPAF2,RWDD2A
295,ATPAF2,SATB2,-0.93711698046266,undirected,ATPAF2,SATB2
296,ATPAF2,SCAF1,-0.562064904286974,undirected,ATPAF2,SCAF1
297,ATPAF2,SEMA6C,-0.599589534418521,undirected,ATPAF2,SEMA6C
298,ATPAF2,SNX8,0.835949146504027,undirected,ATPAF2,SNX8
299,ATPAF2,SRPK2,-0.81835231113316,undirected,ATPAF2,SRPK2
300,ATPAF2,TRANK1,0.764038371479599,undirected,ATPAF2,TRANK1
301,ATPAF2,TWF2,-0.510433145811464,undirected,ATPAF2,TWF2
302,ATPAF2,YPEL3,-0.54697239051778,undirected,ATPAF2,YPEL3
303,ATPAF2,ZEB2,-0.873688785369944,undirected,ATPAF2,ZEB2
304,B9D1,BAP1,-0.551906543735882,undirected,B9D1,BAP1
305,B9D1,C22orf46,0.669183839166023,undirected,B9D1,C22orf46
306,B9D1,CHRNB4,0.701439229689383,undirected,B9D1,CHRNB4
307,B9D1,CROT,0.760417603472195,undirected,B9D1,CROT
308,B9D1,CSMD1,-0.774264362441126,undirected,B9D1,CSMD1
309,B9D1,DAAM1,-0.784727115711195,undirected,B9D1,DAAM1
310,B9D1,DARS2,0.712797727096273,undirected,B9D1,DARS2
311,B9D1,GLYCTK,0.843126380791867,undirected,B9D1,GLYCTK
312,B9D1,GPM6A,-0.877912919492541,undirected,B9D1,GPM6A
313,B9D1,HIP1R,-0.773975474447515,undirected,B9D1,HIP1R
314,B9D1,HSPE1,0.8901037947504,undirected,B9D1,HSPE1
315,B9D1,IPO13,0.581936488958861,undirected,B9D1,IPO13
316,B9D1,LETM2,0.949453900271177,undirected,B9D1,LETM2
317,B9D1,LSM1,0.595162620903643,undirected,B9D1,LSM1
318,B9D1,MADD,-0.695924440001199,undirected,B9D1,MADD
319,B9D1,MAP3K11,0.543454711467926,undirected,B9D1,MAP3K11
320,B9D1,MEF2C,-0.87664538730922,undirected,B9D1,MEF2C
321,B9D1,MFHAS1,-0.787457448514522,undirected,B9D1,MFHAS1
322,B9D1,MYO15A,-0.726296118101852,undirected,B9D1,MYO15A
323,B9D1,NCK1,0.59683984170973,undirected,B9D1,NCK1
324,B9D1,NDFIP2,-0.520635602297018,undirected,B9D1,NDFIP2
325,B9D1,OPCML,-0.58419171397442,undirected,B9D1,OPCML
326,B9D1,PLCL1,-0.741894543589711,undirected,B9D1,PLCL1
327,B9D1,PTPRF,0.819161662826056,undirected,B9D1,PTPRF
328,B9D1,RAD9B,0.862312442812187,undirected,B9D1,RAD9B
329,B9D1,RBFOX1,-0.616962160907904,undirected,B9D1,RBFOX1
330,B9D1,RGS6,-0.71577924287569,undirected,B9D1,RGS6
331,B9D1,RWDD2A,-0.788590643900831,undirected,B9D1,RWDD2A
332,B9D1,SATB2,-0.860704819156944,undirected,B9D1,SATB2
333,B9D1,SEMA6C,-0.717047371110247,undirected,B9D1,SEMA6C
334,B9D1,SNX8,0.654465818561507,undirected,B9D1,SNX8
335,B9D1,SRPK2,-0.755647907442069,undirected,B9D1,SRPK2
336,B9D1,TRANK1,0.846645779700662,undirected,B9D1,TRANK1
337,B9D1,YPEL3,-0.509592714090627,undirected,B9D1,YPEL3
338,B9D1,ZEB2,-0.84808912642077,undirected,B9D1,ZEB2
339,BAP1,CHRNB4,-0.502220616175627,undirected,BAP1,CHRNB4
340,BAP1,CROT,-0.774347092927912,undirected,BAP1,CROT
341,BAP1,DARS2,-0.763300693505486,undirected,BAP1,DARS2
342,BAP1,DGKI,0.515044310697969,undirected,BAP1,DGKI
343,BAP1,GLYCTK,-0.558400986923195,undirected,BAP1,GLYCTK
344,BAP1,GPM6A,0.503578742382293,undirected,BAP1,GPM6A
345,BAP1,HIP1R,0.710453760274919,undirected,BAP1,HIP1R
346,BAP1,HSPE1,-0.538331535268867,undirected,BAP1,HSPE1
347,BAP1,LETM2,-0.646280879249301,undirected,BAP1,LETM2
348,BAP1,LSM1,-0.567451044392901,undirected,BAP1,LSM1
349,BAP1,MADD,0.651910276269939,undirected,BAP1,MADD
350,BAP1,MEF2C,0.681470657214034,undirected,BAP1,MEF2C
351,BAP1,MFHAS1,0.597716410620974,undirected,BAP1,MFHAS1
352,BAP1,MYO15A,0.829640662325478,undirected,BAP1,MYO15A
353,BAP1,NCK1,-0.809392490880258,undirected,BAP1,NCK1
354,BAP1,NMUR2,0.693708275508382,undirected,BAP1,NMUR2
355,BAP1,OPCML,0.519687496995574,undirected,BAP1,OPCML
356,BAP1,PTPRF,-0.605241428550045,undirected,BAP1,PTPRF
357,BAP1,RAD9B,-0.657845410597946,undirected,BAP1,RAD9B
358,BAP1,RBFOX1,0.521223584287861,undirected,BAP1,RBFOX1
359,BAP1,RGS6,0.595083559425458,undirected,BAP1,RGS6
360,BAP1,SATB2,0.692684897798959,undirected,BAP1,SATB2
361,BAP1,SCAF1,0.827014961406625,undirected,BAP1,SCAF1
362,BAP1,SEMA6C,0.779726553136398,undirected,BAP1,SEMA6C
363,BAP1,SERPINC1,0.601110066278084,undirected,BAP1,SERPINC1
364,BAP1,SUGP1,0.74689162227822,undirected,BAP1,SUGP1
365,BAP1,TLR9,0.844394962601152,undirected,BAP1,TLR9
366,BAP1,TRANK1,-0.563386474639624,undirected,BAP1,TRANK1
367,BAP1,TSNARE1,0.799801318428099,undirected,BAP1,TSNARE1
368,BAP1,TWF2,0.755270183956582,undirected,BAP1,TWF2
369,BAP1,YPEL3,0.918941426057307,undirected,BAP1,YPEL3
370,BAP1,ZEB2,0.516532073368223,undirected,BAP1,ZEB2
371,C22orf46,CHRNB4,0.554091843205218,undirected,C22orf46,CHRNB4
372,C22orf46,CSMD1,-0.80947917000671,undirected,C22orf46,CSMD1
373,C22orf46,DAAM1,-0.809962511121181,undirected,C22orf46,DAAM1
374,C22orf46,DARS2,0.517655694979306,undirected,C22orf46,DARS2
375,C22orf46,GLYCTK,0.680043873343543,undirected,C22orf46,GLYCTK
376,C22orf46,GPM6A,-0.824297636555456,undirected,C22orf46,GPM6A
377,C22orf46,HIP1R,-0.570627950577578,undirected,C22orf46,HIP1R
378,C22orf46,HSPE1,0.640965778990061,undirected,C22orf46,HSPE1
379,C22orf46,IPO13,0.869247269534179,undirected,C22orf46,IPO13
380,C22orf46,LETM2,0.575088409187977,undirected,C22orf46,LETM2
381,C22orf46,MAP3K11,0.697382891574048,undirected,C22orf46,MAP3K11
382,C22orf46,MEF2C,-0.614645837821877,undirected,C22orf46,MEF2C
383,C22orf46,MFHAS1,-0.615310226299406,undirected,C22orf46,MFHAS1
384,C22orf46,MYO15A,-0.515758000472497,undirected,C22orf46,MYO15A
385,C22orf46,NDFIP2,-0.752480524100965,undirected,C22orf46,NDFIP2
386,C22orf46,PLCL1,-0.718265455762154,undirected,C22orf46,PLCL1
387,C22orf46,PTPRF,0.634419437938791,undirected,C22orf46,PTPRF
388,C22orf46,RAD9B,0.657581217679278,undirected,C22orf46,RAD9B
389,C22orf46,RBFOX1,-0.541439095271884,undirected,C22orf46,RBFOX1
390,C22orf46,RWDD2A,-0.846843388741477,undirected,C22orf46,RWDD2A
391,C22orf46,SATB2,-0.621101905574534,undirected,C22orf46,SATB2
392,C22orf46,SNX8,0.633113782827188,undirected,C22orf46,SNX8
393,C22orf46,SRPK2,-0.811261568071696,undirected,C22orf46,SRPK2
394,C22orf46,TRANK1,0.656387641474013,undirected,C22orf46,TRANK1
395,C22orf46,TRMT61A,0.663495736749318,undirected,C22orf46,TRMT61A
396,C22orf46,ZEB2,-0.668298061137933,undirected,C22orf46,ZEB2
397,CHRNB4,CROT,0.64058638708768,undirected,CHRNB4,CROT
398,CHRNB4,CSMD1,-0.556333634106385,undirected,CHRNB4,CSMD1
399,CHRNB4,DAAM1,-0.757695774403577,undirected,CHRNB4,DAAM1
400,CHRNB4,DARS2,0.755937711244342,undirected,CHRNB4,DARS2
401,CHRNB4,GLYCTK,0.725710226306619,undirected,CHRNB4,GLYCTK
402,CHRNB4,GPM6A,-0.824681663748476,undirected,CHRNB4,GPM6A
403,CHRNB4,HIP1R,-0.786873381493917,undirected,CHRNB4,HIP1R
404,CHRNB4,LETM2,0.601421810807275,undirected,CHRNB4,LETM2
405,CHRNB4,LSM1,0.525562328989556,undirected,CHRNB4,LSM1
406,CHRNB4,MADD,-0.533148386452015,undirected,CHRNB4,MADD
407,CHRNB4,MEF2C,-0.712097663129611,undirected,CHRNB4,MEF2C
408,CHRNB4,MFHAS1,-0.804982704938231,undirected,CHRNB4,MFHAS1
409,CHRNB4,MYO15A,-0.644239991444168,undirected,CHRNB4,MYO15A
410,CHRNB4,NCK1,0.607908493833538,undirected,CHRNB4,NCK1
411,CHRNB4,OPCML,-0.750222710126379,undirected,CHRNB4,OPCML
412,CHRNB4,PLCL1,-0.845627387888068,undirected,CHRNB4,PLCL1
413,CHRNB4,PTPRF,0.783950695722415,undirected,CHRNB4,PTPRF
414,CHRNB4,RAD9B,0.756252337105366,undirected,CHRNB4,RAD9B
415,CHRNB4,RBFOX1,-0.736719396660102,undirected,CHRNB4,RBFOX1
416,CHRNB4,RGS6,-0.518642608763005,undirected,CHRNB4,RGS6
417,CHRNB4,RWDD2A,-0.758857089367281,undirected,CHRNB4,RWDD2A
418,CHRNB4,SATB2,-0.734770969191437,undirected,CHRNB4,SATB2
419,CHRNB4,SEMA6C,-0.570444822973635,undirected,CHRNB4,SEMA6C
420,CHRNB4,SERPINC1,-0.590878668149123,undirected,CHRNB4,SERPINC1
421,CHRNB4,SNX8,0.527605078296492,undirected,CHRNB4,SNX8
422,CHRNB4,SRPK2,-0.72647096948552,undirected,CHRNB4,SRPK2
423,CHRNB4,TRANK1,0.84942019589747,undirected,CHRNB4,TRANK1
424,CHRNB4,ZEB2,-0.780786578985486,undirected,CHRNB4,ZEB2
425,CROT,CSMD1,-0.69612316149775,undirected,CROT,CSMD1
426,CROT,DAAM1,-0.708050206306679,undirected,CROT,DAAM1
427,CROT,DARS2,0.915725232022065,undirected,CROT,DARS2
428,CROT,DGKI,-0.777721024787601,undirected,CROT,DGKI
429,CROT,GLYCTK,0.720844682423503,undirected,CROT,GLYCTK
430,CROT,GPM6A,-0.782137255920569,undirected,CROT,GPM6A
431,CROT,HIP1R,-0.734114483118738,undirected,CROT,HIP1R
432,CROT,HSPE1,0.759292112776767,undirected,CROT,HSPE1
433,CROT,LETM2,0.74004530257866,undirected,CROT,LETM2
434,CROT,LSM1,0.783478081621752,undirected,CROT,LSM1
435,CROT,MADD,-0.90556080402272,undirected,CROT,MADD
436,CROT,MEF2C,-0.862756742763022,undirected,CROT,MEF2C
437,CROT,MFHAS1,-0.794734892426368,undirected,CROT,MFHAS1
438,CROT,MYO15A,-0.795803752310032,undirected,CROT,MYO15A
439,CROT,NCK1,0.875038877865657,undirected,CROT,NCK1
440,CROT,NDFIP2,-0.556869960911191,undirected,CROT,NDFIP2
441,CROT,NMUR2,-0.624823374268794,undirected,CROT,NMUR2
442,CROT,OPCML,-0.757781608333147,undirected,CROT,OPCML
443,CROT,PLCL1,-0.696828744144742,undirected,CROT,PLCL1
444,CROT,PTPRF,0.828212785386335,undirected,CROT,PTPRF
445,CROT,RAD9B,0.864134923095422,undirected,CROT,RAD9B
446,CROT,RBFOX1,-0.733443015201079,undirected,CROT,RBFOX1
447,CROT,RGS6,-0.791623075054482,undirected,CROT,RGS6
448,CROT,RWDD2A,-0.720421204455135,undirected,CROT,RWDD2A
449,CROT,SATB2,-0.835473300933189,undirected,CROT,SATB2
450,CROT,SCAF1,-0.511936371790228,undirected,CROT,SCAF1
451,CROT,SEMA6C,-0.566674056765502,undirected,CROT,SEMA6C
452,CROT,SNX8,0.658500278464251,undirected,CROT,SNX8
453,CROT,SRPK2,-0.735504950697884,undirected,CROT,SRPK2
454,CROT,TLR9,-0.766300493201474,undirected,CROT,TLR9
455,CROT,TRANK1,0.668510544880598,undirected,CROT,TRANK1
456,CROT,YPEL3,-0.7031437229871,undirected,CROT,YPEL3
457,CROT,ZEB2,-0.69937409301212,undirected,CROT,ZEB2
458,CSMD1,DAAM1,0.878177261721084,undirected,CSMD1,DAAM1
459,CSMD1,DARS2,-0.70725168809,undirected,CSMD1,DARS2
460,CSMD1,GLYCTK,-0.706816180288517,undirected,CSMD1,GLYCTK
461,CSMD1,GPM6A,0.862560681269266,undirected,CSMD1,GPM6A
462,CSMD1,HIP1R,0.72798339152714,undirected,CSMD1,HIP1R
463,CSMD1,HSPE1,-0.858116856629036,undirected,CSMD1,HSPE1
464,CSMD1,IPO13,-0.587854496784723,undirected,CSMD1,IPO13
465,CSMD1,LETM2,-0.691003739278473,undirected,CSMD1,LETM2
466,CSMD1,LSM1,-0.695917456180885,undirected,CSMD1,LSM1
467,CSMD1,MADD,0.700684024420451,undirected,CSMD1,MADD
468,CSMD1,MAP3K11,-0.617035397405275,undirected,CSMD1,MAP3K11
469,CSMD1,MEF2C,0.758903563427901,undirected,CSMD1,MEF2C
470,CSMD1,MFHAS1,0.733415116744251,undirected,CSMD1,MFHAS1
471,CSMD1,MYO15A,0.612240618622224,undirected,CSMD1,MYO15A
472,CSMD1,NCK1,-0.566041364253171,undirected,CSMD1,NCK1
473,CSMD1,NDFIP2,0.678371174037869,undirected,CSMD1,NDFIP2
474,CSMD1,PLCL1,0.761179624576496,undirected,CSMD1,PLCL1
475,CSMD1,PTPRF,-0.846990207084014,undirected,CSMD1,PTPRF
476,CSMD1,RAD9B,-0.735078839699939,undirected,CSMD1,RAD9B
477,CSMD1,RBFOX1,0.670184193338124,undirected,CSMD1,RBFOX1
478,CSMD1,RGS6,0.621894572632808,undirected,CSMD1,RGS6
479,CSMD1,RWDD2A,0.803296187117078,undirected,CSMD1,RWDD2A
480,CSMD1,SATB2,0.818444615235278,undirected,CSMD1,SATB2
481,CSMD1,SEMA6C,0.6048739637335,undirected,CSMD1,SEMA6C
482,CSMD1,SERPINC1,0.537435169965679,undirected,CSMD1,SERPINC1
483,CSMD1,SNX8,-0.77078569392975,undirected,CSMD1,SNX8
484,CSMD1,SRPK2,0.816916887597403,undirected,CSMD1,SRPK2
485,CSMD1,TRANK1,-0.631607381183048,undirected,CSMD1,TRANK1
486,CSMD1,TRMT61A,-0.507918701277421,undirected,CSMD1,TRMT61A
487,CSMD1,ZEB2,0.750229262689294,undirected,CSMD1,ZEB2
488,DAAM1,DARS2,-0.791549007921571,undirected,DAAM1,DARS2
489,DAAM1,DGKI,0.584539956439207,undirected,DAAM1,DGKI
490,DAAM1,GLYCTK,-0.818645429513954,undirected,DAAM1,GLYCTK
491,DAAM1,GPM6A,0.945360009964855,undirected,DAAM1,GPM6A
492,DAAM1,HIP1R,0.685543063473888,undirected,DAAM1,HIP1R
493,DAAM1,HSPE1,-0.726310134553311,undirected,DAAM1,HSPE1
494,DAAM1,IPO13,-0.660634427969317,undirected,DAAM1,IPO13
495,DAAM1,LETM2,-0.6408612889292,undirected,DAAM1,LETM2
496,DAAM1,LSM1,-0.698871464221138,undirected,DAAM1,LSM1
497,DAAM1,MADD,0.629367748800513,undirected,DAAM1,MADD
498,DAAM1,MAP3K11,-0.798730646424826,undirected,DAAM1,MAP3K11
499,DAAM1,MEF2C,0.859008569047885,undirected,DAAM1,MEF2C
500,DAAM1,MFHAS1,0.834649237039019,undirected,DAAM1,MFHAS1
501,DAAM1,MYO15A,0.630932670187343,undirected,DAAM1,MYO15A
502,DAAM1,NCK1,-0.580199811817228,undirected,DAAM1,NCK1
503,DAAM1,NDFIP2,0.723217586513564,undirected,DAAM1,NDFIP2
504,DAAM1,OPCML,0.617390239110737,undirected,DAAM1,OPCML
505,DAAM1,PLCL1,0.934171025350209,undirected,DAAM1,PLCL1
506,DAAM1,PTPRF,-0.892815757710015,undirected,DAAM1,PTPRF
507,DAAM1,RAD9B,-0.794827647657365,undirected,DAAM1,RAD9B
508,DAAM1,RBFOX1,0.827556696209875,undirected,DAAM1,RBFOX1
509,DAAM1,RGS6,0.586984086261624,undirected,DAAM1,RGS6
510,DAAM1,RWDD2A,0.893714845181909,undirected,DAAM1,RWDD2A
511,DAAM1,SATB2,0.889952898499704,undirected,DAAM1,SATB2
512,DAAM1,SEMA6C,0.57399737156446,undirected,DAAM1,SEMA6C
513,DAAM1,SNX8,-0.884272985111538,undirected,DAAM1,SNX8
514,DAAM1,SRPK2,0.923079644226718,undirected,DAAM1,SRPK2
515,DAAM1,TRANK1,-0.735444053641279,undirected,DAAM1,TRANK1
516,DAAM1,TRMT61A,-0.594423116018696,undirected,DAAM1,TRMT61A
517,DAAM1,ZEB2,0.844024797202966,undirected,DAAM1,ZEB2
518,DARS2,DGKI,-0.787888763388363,undirected,DARS2,DGKI
519,DARS2,GLYCTK,0.825389341143929,undirected,DARS2,GLYCTK
520,DARS2,GPM6A,-0.836586583824623,undirected,DARS2,GPM6A
521,DARS2,HIP1R,-0.794536538272454,undirected,DARS2,HIP1R
522,DARS2,HSPE1,0.728474725560453,undirected,DARS2,HSPE1
523,DARS2,LETM2,0.696728703992872,undirected,DARS2,LETM2
524,DARS2,LSM1,0.863336182337038,undirected,DARS2,LSM1
525,DARS2,MADD,-0.812201119311947,undirected,DARS2,MADD
526,DARS2,MAP3K11,0.557612038422641,undirected,DARS2,MAP3K11
527,DARS2,MEF2C,-0.884977144786576,undirected,DARS2,MEF2C
528,DARS2,MFHAS1,-0.916948839204945,undirected,DARS2,MFHAS1
529,DARS2,MYO15A,-0.849675457923036,undirected,DARS2,MYO15A
530,DARS2,NCK1,0.864614819722223,undirected,DARS2,NCK1
531,DARS2,NDFIP2,-0.611576009080808,undirected,DARS2,NDFIP2
532,DARS2,OPCML,-0.85619706427941,undirected,DARS2,OPCML
533,DARS2,PLCL1,-0.833558043856118,undirected,DARS2,PLCL1
534,DARS2,PTPRF,0.844715025433993,undirected,DARS2,PTPRF
535,DARS2,RAD9B,0.887667878917507,undirected,DARS2,RAD9B
536,DARS2,RBFOX1,-0.877308494489262,undirected,DARS2,RBFOX1
537,DARS2,RGS6,-0.784064124370364,undirected,DARS2,RGS6
538,DARS2,RWDD2A,-0.797504597234783,undirected,DARS2,RWDD2A
539,DARS2,SATB2,-0.888583102752417,undirected,DARS2,SATB2
540,DARS2,SCAF1,-0.592274108181489,undirected,DARS2,SCAF1
541,DARS2,SEMA6C,-0.584574485654454,undirected,DARS2,SEMA6C
542,DARS2,SNX8,0.723538733819475,undirected,DARS2,SNX8
543,DARS2,SRPK2,-0.823041056152206,undirected,DARS2,SRPK2
544,DARS2,TLR9,-0.620950696426273,undirected,DARS2,TLR9
545,DARS2,TRANK1,0.774356667550293,undirected,DARS2,TRANK1
546,DARS2,YPEL3,-0.722801198152858,undirected,DARS2,YPEL3
547,DARS2,ZEB2,-0.799427060811531,undirected,DARS2,ZEB2
548,DGKI,GLYCTK,-0.537997790449627,undirected,DGKI,GLYCTK
549,DGKI,GPM6A,0.562735940943178,undirected,DGKI,GPM6A
550,DGKI,HSPE1,-0.586239000918033,undirected,DGKI,HSPE1
551,DGKI,LSM1,-0.883972254639167,undirected,DGKI,LSM1
552,DGKI,MADD,0.843969229952753,undirected,DGKI,MADD
553,DGKI,MAP3K11,-0.587550145955665,undirected,DGKI,MAP3K11
554,DGKI,MEF2C,0.752221955238451,undirected,DGKI,MEF2C
555,DGKI,MFHAS1,0.702339459662961,undirected,DGKI,MFHAS1
556,DGKI,MYO15A,0.534546759608177,undirected,DGKI,MYO15A
557,DGKI,NCK1,-0.846985865622801,undirected,DGKI,NCK1
558,DGKI,NDFIP2,0.521837615031204,undirected,DGKI,NDFIP2
559,DGKI,OPCML,0.805254948736536,undirected,DGKI,OPCML
560,DGKI,PLCL1,0.640539286166809,undirected,DGKI,PLCL1
561,DGKI,PTPRF,-0.605090510036448,undirected,DGKI,PTPRF
562,DGKI,RAD9B,-0.595847719984017,undirected,DGKI,RAD9B
563,DGKI,RBFOX1,0.819300274569155,undirected,DGKI,RBFOX1
564,DGKI,RGS6,0.841502917781813,undirected,DGKI,RGS6
565,DGKI,SATB2,0.688245181346662,undirected,DGKI,SATB2
566,DGKI,SCAF1,0.506421359121236,undirected,DGKI,SCAF1
567,DGKI,SNX8,-0.700725110231278,undirected,DGKI,SNX8
568,DGKI,SRPK2,0.687713951348813,undirected,DGKI,SRPK2
569,DGKI,TLR9,0.542639708137649,undirected,DGKI,TLR9
570,DGKI,YPEL3,0.521586001867359,undirected,DGKI,YPEL3
571,DGKI,ZEB2,0.556629719095693,undirected,DGKI,ZEB2
572,GLYCTK,GPM6A,-0.9082413930356,undirected,GLYCTK,GPM6A
573,GLYCTK,HIP1R,-0.793700229449543,undirected,GLYCTK,HIP1R
574,GLYCTK,HSPE1,0.777169654889722,undirected,GLYCTK,HSPE1
575,GLYCTK,IPO13,0.693491803221112,undirected,GLYCTK,IPO13
576,GLYCTK,LETM2,0.781235260678302,undirected,GLYCTK,LETM2
577,GLYCTK,LSM1,0.674294577802727,undirected,GLYCTK,LSM1
578,GLYCTK,MADD,-0.573781833848817,undirected,GLYCTK,MADD
579,GLYCTK,MAP3K11,0.683340856059709,undirected,GLYCTK,MAP3K11
580,GLYCTK,MEF2C,-0.899110007808355,undirected,GLYCTK,MEF2C
581,GLYCTK,MFHAS1,-0.917048812363445,undirected,GLYCTK,MFHAS1
582,GLYCTK,MYO15A,-0.743337125598842,undirected,GLYCTK,MYO15A
583,GLYCTK,NCK1,0.552898640758825,undirected,GLYCTK,NCK1
584,GLYCTK,NDFIP2,-0.641343995179429,undirected,GLYCTK,NDFIP2
585,GLYCTK,OPCML,-0.737967368100825,undirected,GLYCTK,OPCML
586,GLYCTK,PLCL1,-0.858038152375975,undirected,GLYCTK,PLCL1
587,GLYCTK,PTPRF,0.79608524333671,undirected,GLYCTK,PTPRF
588,GLYCTK,RAD9B,0.909883212831751,undirected,GLYCTK,RAD9B
589,GLYCTK,RBFOX1,-0.757837287136852,undirected,GLYCTK,RBFOX1
590,GLYCTK,RGS6,-0.660172276892086,undirected,GLYCTK,RGS6
591,GLYCTK,RWDD2A,-0.918299451693702,undirected,GLYCTK,RWDD2A
592,GLYCTK,SATB2,-0.893603447788491,undirected,GLYCTK,SATB2
593,GLYCTK,SEMA6C,-0.684679449248974,undirected,GLYCTK,SEMA6C
594,GLYCTK,SNX8,0.705534262120229,undirected,GLYCTK,SNX8
595,GLYCTK,SRPK2,-0.832884239096768,undirected,GLYCTK,SRPK2
596,GLYCTK,TRANK1,0.926481119419869,undirected,GLYCTK,TRANK1
597,GLYCTK,TRMT61A,0.503139046681562,undirected,GLYCTK,TRMT61A
598,GLYCTK,ZEB2,-0.958443053013571,undirected,GLYCTK,ZEB2
599,GPM6A,HIP1R,0.813025988244966,undirected,GPM6A,HIP1R
600,GPM6A,HSPE1,-0.79682765551442,undirected,GPM6A,HSPE1
601,GPM6A,IPO13,-0.699408999033882,undirected,GPM6A,IPO13
602,GPM6A,LETM2,-0.765253978734541,undirected,GPM6A,LETM2
603,GPM6A,LSM1,-0.674610291713816,undirected,GPM6A,LSM1
604,GPM6A,MADD,0.672738115473071,undirected,GPM6A,MADD
605,GPM6A,MAP3K11,-0.710117296151492,undirected,GPM6A,MAP3K11
606,GPM6A,MEF2C,0.899362314595693,undirected,GPM6A,MEF2C
607,GPM6A,MFHAS1,0.894145420808787,undirected,GPM6A,MFHAS1
608,GPM6A,MYO15A,0.705163524200412,undirected,GPM6A,MYO15A
609,GPM6A,NCK1,-0.611603580466295,undirected,GPM6A,NCK1
610,GPM6A,NDFIP2,0.735602629183707,undirected,GPM6A,NDFIP2
611,GPM6A,OPCML,0.714968454611288,undirected,GPM6A,OPCML
612,GPM6A,PLCL1,0.929650790939693,undirected,GPM6A,PLCL1
613,GPM6A,PTPRF,-0.925579151235256,undirected,GPM6A,PTPRF
614,GPM6A,RAD9B,-0.891137085177187,undirected,GPM6A,RAD9B
615,GPM6A,RBFOX1,0.801781658255807,undirected,GPM6A,RBFOX1
616,GPM6A,RGS6,0.657081143225969,undirected,GPM6A,RGS6
617,GPM6A,RWDD2A,0.958357033225962,undirected,GPM6A,RWDD2A
618,GPM6A,SATB2,0.919357789012478,undirected,GPM6A,SATB2
619,GPM6A,SEMA6C,0.652125376554758,undirected,GPM6A,SEMA6C
620,GPM6A,SERPINC1,0.510800885605931,undirected,GPM6A,SERPINC1
621,GPM6A,SNX8,-0.795135744844736,undirected,GPM6A,SNX8
622,GPM6A,SRPK2,0.92759322798426,undirected,GPM6A,SRPK2
623,GPM6A,TRANK1,-0.881627038266265,undirected,GPM6A,TRANK1
624,GPM6A,TRMT61A,-0.543986081516472,undirected,GPM6A,TRMT61A
625,GPM6A,ZEB2,0.932828605138955,undirected,GPM6A,ZEB2
626,HIP1R,HSPE1,-0.722497155000196,undirected,HIP1R,HSPE1
627,HIP1R,LETM2,-0.781088920218851,undirected,HIP1R,LETM2
628,HIP1R,LSM1,-0.573005859176503,undirected,HIP1R,LSM1
629,HIP1R,MADD,0.596876621945959,undirected,HIP1R,MADD
630,HIP1R,MEF2C,0.717502432010022,undirected,HIP1R,MEF2C
631,HIP1R,MFHAS1,0.822971951906639,undirected,HIP1R,MFHAS1
632,HIP1R,MYO15A,0.784912183176639,undirected,HIP1R,MYO15A
633,HIP1R,NCK1,-0.647145164618574,undirected,HIP1R,NCK1
634,HIP1R,OPCML,0.609103468272216,undirected,HIP1R,OPCML
635,HIP1R,PLCL1,0.723604246609153,undirected,HIP1R,PLCL1
636,HIP1R,PTPRF,-0.829133304285327,undirected,HIP1R,PTPRF
637,HIP1R,RAD9B,-0.83927681250928,undirected,HIP1R,RAD9B
638,HIP1R,RBFOX1,0.617177350129819,undirected,HIP1R,RBFOX1
639,HIP1R,RGS6,0.60163111670539,undirected,HIP1R,RGS6
640,HIP1R,RWDD2A,0.798025828039818,undirected,HIP1R,RWDD2A
641,HIP1R,SATB2,0.788669021071414,undirected,HIP1R,SATB2
642,HIP1R,SEMA6C,0.837402511345667,undirected,HIP1R,SEMA6C
643,HIP1R,SERPINC1,0.704355623882024,undirected,HIP1R,SERPINC1
644,HIP1R,SRPK2,0.633494047924507,undirected,HIP1R,SRPK2
645,HIP1R,TLR9,0.575985810928382,undirected,HIP1R,TLR9
646,HIP1R,TRANK1,-0.891367049409722,undirected,HIP1R,TRANK1
647,HIP1R,YPEL3,0.630196358988907,undirected,HIP1R,YPEL3
648,HIP1R,ZEB2,0.809814347563275,undirected,HIP1R,ZEB2
649,HSPE1,IPO13,0.504121301136726,undirected,HSPE1,IPO13
650,HSPE1,LETM2,0.882244238813706,undirected,HSPE1,LETM2
651,HSPE1,LSM1,0.764881511056039,undirected,HSPE1,LSM1
652,HSPE1,MADD,-0.764041359854827,undirected,HSPE1,MADD
653,HSPE1,MAP3K11,0.544623728038239,undirected,HSPE1,MAP3K11
654,HSPE1,MEF2C,-0.825429717575215,undirected,HSPE1,MEF2C
655,HSPE1,MFHAS1,-0.79045190060756,undirected,HSPE1,MFHAS1
656,HSPE1,MYO15A,-0.684212600183525,undirected,HSPE1,MYO15A
657,HSPE1,NCK1,0.635991633599914,undirected,HSPE1,NCK1
658,HSPE1,NDFIP2,-0.525399673865804,undirected,HSPE1,NDFIP2
659,HSPE1,NMUR2,-0.547366217898278,undirected,HSPE1,NMUR2
660,HSPE1,OPCML,-0.57352131318266,undirected,HSPE1,OPCML
661,HSPE1,PLCL1,-0.678500658336378,undirected,HSPE1,PLCL1
662,HSPE1,PTPRF,0.779851086478785,undirected,HSPE1,PTPRF
663,HSPE1,RAD9B,0.801951536804445,undirected,HSPE1,RAD9B
664,HSPE1,RBFOX1,-0.642033948304315,undirected,HSPE1,RBFOX1
665,HSPE1,RGS6,-0.821387724626339,undirected,HSPE1,RGS6
666,HSPE1,RWDD2A,-0.724891766952283,undirected,HSPE1,RWDD2A
667,HSPE1,SATB2,-0.822605849020311,undirected,HSPE1,SATB2
668,HSPE1,SEMA6C,-0.596070188127801,undirected,HSPE1,SEMA6C
669,HSPE1,SNX8,0.668903146113057,undirected,HSPE1,SNX8
670,HSPE1,SRPK2,-0.754527369065857,undirected,HSPE1,SRPK2
671,HSPE1,TRANK1,0.708955069932804,undirected,HSPE1,TRANK1
672,HSPE1,TRMT61A,0.508708587643394,undirected,HSPE1,TRMT61A
673,HSPE1,ZEB2,-0.788490214328994,undirected,HSPE1,ZEB2
674,IPO13,MAP3K11,0.652902958700041,undirected,IPO13,MAP3K11
675,IPO13,MEF2C,-0.524565052477165,undirected,IPO13,MEF2C
676,IPO13,MFHAS1,-0.508438716174999,undirected,IPO13,MFHAS1
677,IPO13,NDFIP2,-0.650738949656605,undirected,IPO13,NDFIP2
678,IPO13,PLCL1,-0.599258854667751,undirected,IPO13,PLCL1
679,IPO13,RAD9B,0.544898768939038,undirected,IPO13,RAD9B
680,IPO13,RWDD2A,-0.779598181164907,undirected,IPO13,RWDD2A
681,IPO13,SATB2,-0.512301473946325,undirected,IPO13,SATB2
682,IPO13,SRPK2,-0.637106097518466,undirected,IPO13,SRPK2
683,IPO13,TRANK1,0.620314301662056,undirected,IPO13,TRANK1
684,IPO13,TRMT61A,0.719862946843202,undirected,IPO13,TRMT61A
685,IPO13,ZEB2,-0.637888526685483,undirected,IPO13,ZEB2
686,LETM2,LSM1,0.567189695831288,undirected,LETM2,LSM1
687,LETM2,MADD,-0.681242119152807,undirected,LETM2,MADD
688,LETM2,MEF2C,-0.812985239510543,undirected,LETM2,MEF2C
689,LETM2,MFHAS1,-0.716944452090627,undirected,LETM2,MFHAS1
690,LETM2,MYO15A,-0.821733140230044,undirected,LETM2,MYO15A
691,LETM2,NCK1,0.608849112035232,undirected,LETM2,NCK1
692,LETM2,NMUR2,-0.60288923807127,undirected,LETM2,NMUR2
693,LETM2,OPCML,-0.523047469468932,undirected,LETM2,OPCML
694,LETM2,PLCL1,-0.598809293161648,undirected,LETM2,PLCL1
695,LETM2,PTPRF,0.704752340679589,undirected,LETM2,PTPRF
696,LETM2,RAD9B,0.822272279523485,undirected,LETM2,RAD9B
697,LETM2,RBFOX1,-0.507160732925307,undirected,LETM2,RBFOX1
698,LETM2,RGS6,-0.695013170303851,undirected,LETM2,RGS6
699,LETM2,RWDD2A,-0.688148361145034,undirected,LETM2,RWDD2A
700,LETM2,SATB2,-0.794535183981228,undirected,LETM2,SATB2
701,LETM2,SEMA6C,-0.756175876633865,undirected,LETM2,SEMA6C
702,LETM2,SNX8,0.532664723250014,undirected,LETM2,SNX8
703,LETM2,SRPK2,-0.626321985726437,undirected,LETM2,SRPK2
704,LETM2,TRANK1,0.81769328079705,undirected,LETM2,TRANK1
705,LETM2,YPEL3,-0.60728064045886,undirected,LETM2,YPEL3
706,LETM2,ZEB2,-0.74237351688145,undirected,LETM2,ZEB2
707,LSM1,MADD,-0.841532383158368,undirected,LSM1,MADD
708,LSM1,MAP3K11,0.606192918791146,undirected,LSM1,MAP3K11
709,LSM1,MEF2C,-0.799412333807532,undirected,LSM1,MEF2C
710,LSM1,MFHAS1,-0.844952475915082,undirected,LSM1,MFHAS1
711,LSM1,MYO15A,-0.676870049448899,undirected,LSM1,MYO15A
712,LSM1,NCK1,0.832880319367123,undirected,LSM1,NCK1
713,LSM1,NDFIP2,-0.583808966739301,undirected,LSM1,NDFIP2
714,LSM1,OPCML,-0.782793256757222,undirected,LSM1,OPCML
715,LSM1,PLCL1,-0.757049380174343,undirected,LSM1,PLCL1
716,LSM1,PTPRF,0.699627976842377,undirected,LSM1,PTPRF
717,LSM1,RAD9B,0.713351403618138,undirected,LSM1,RAD9B
718,LSM1,RBFOX1,-0.875075070372528,undirected,LSM1,RBFOX1
719,LSM1,RGS6,-0.87173512379143,undirected,LSM1,RGS6
720,LSM1,RWDD2A,-0.626023277582732,undirected,LSM1,RWDD2A
721,LSM1,SATB2,-0.775422282498676,undirected,LSM1,SATB2
722,LSM1,SCAF1,-0.529913493338365,undirected,LSM1,SCAF1
723,LSM1,SNX8,0.745119050116814,undirected,LSM1,SNX8
724,LSM1,SRPK2,-0.775627410752761,undirected,LSM1,SRPK2
725,LSM1,TRANK1,0.531929913784203,undirected,LSM1,TRANK1
726,LSM1,YPEL3,-0.586674995525737,undirected,LSM1,YPEL3
727,LSM1,ZEB2,-0.675387550661401,undirected,LSM1,ZEB2
728,MADD,MEF2C,0.786421683809755,undirected,MADD,MEF2C
729,MADD,MFHAS1,0.710265170578377,undirected,MADD,MFHAS1
730,MADD,MYO15A,0.741421872811447,undirected,MADD,MYO15A
731,MADD,NCK1,-0.882258025917642,undirected,MADD,NCK1
732,MADD,NDFIP2,0.563117169137069,undirected,MADD,NDFIP2
733,MADD,NMUR2,0.524458055943928,undirected,MADD,NMUR2
734,MADD,OPCML,0.723610914338414,undirected,MADD,OPCML
735,MADD,PLCL1,0.613957546194704,undirected,MADD,PLCL1
736,MADD,PTPRF,-0.694215962186375,undirected,MADD,PTPRF
737,MADD,RAD9B,-0.748190933386281,undirected,MADD,RAD9B
738,MADD,RBFOX1,0.720069661649651,undirected,MADD,RBFOX1
739,MADD,RGS6,0.858067780655315,undirected,MADD,RGS6
740,MADD,RWDD2A,0.574231587695799,undirected,MADD,RWDD2A
741,MADD,SATB2,0.728871072193259,undirected,MADD,SATB2
742,MADD,SNX8,-0.634225163586404,undirected,MADD,SNX8
743,MADD,SRPK2,0.705876205163248,undirected,MADD,SRPK2
744,MADD,TLR9,0.688551316716281,undirected,MADD,TLR9
745,MADD,TRANK1,-0.505051323466297,undirected,MADD,TRANK1
746,MADD,YPEL3,0.660513285797321,undirected,MADD,YPEL3
747,MADD,ZEB2,0.573355834858342,undirected,MADD,ZEB2
748,MAP3K11,MEF2C,-0.730819934290009,undirected,MAP3K11,MEF2C
749,MAP3K11,MFHAS1,-0.625685221617431,undirected,MAP3K11,MFHAS1
750,MAP3K11,NDFIP2,-0.757462808784346,undirected,MAP3K11,NDFIP2
751,MAP3K11,OPCML,-0.522185860587111,undirected,MAP3K11,OPCML
752,MAP3K11,PLCL1,-0.747500072540907,undirected,MAP3K11,PLCL1
753,MAP3K11,PTPRF,0.561230328385345,undirected,MAP3K11,PTPRF
754,MAP3K11,RAD9B,0.573021026951792,undirected,MAP3K11,RAD9B
755,MAP3K11,RBFOX1,-0.722384779467557,undirected,MAP3K11,RBFOX1
756,MAP3K11,RWDD2A,-0.708946002334577,undirected,MAP3K11,RWDD2A
757,MAP3K11,SATB2,-0.674316117894207,undirected,MAP3K11,SATB2
758,MAP3K11,SNX8,0.882582415193768,undirected,MAP3K11,SNX8
759,MAP3K11,SRPK2,-0.839996700146232,undirected,MAP3K11,SRPK2
760,MAP3K11,TRMT61A,0.778959603373653,undirected,MAP3K11,TRMT61A
761,MAP3K11,ZEB2,-0.652990576079194,undirected,MAP3K11,ZEB2
762,MEF2C,MFHAS1,0.88067607029021,undirected,MEF2C,MFHAS1
763,MEF2C,MYO15A,0.801962467496359,undirected,MEF2C,MYO15A
764,MEF2C,NCK1,-0.781696547075719,undirected,MEF2C,NCK1
765,MEF2C,NDFIP2,0.620899277832688,undirected,MEF2C,NDFIP2
766,MEF2C,NMUR2,0.555223529488713,undirected,MEF2C,NMUR2
767,MEF2C,OPCML,0.746137439847568,undirected,MEF2C,OPCML
768,MEF2C,PLCL1,0.85219877435243,undirected,MEF2C,PLCL1
769,MEF2C,PTPRF,-0.85272814386231,undirected,MEF2C,PTPRF
770,MEF2C,RAD9B,-0.866122922635077,undirected,MEF2C,RAD9B
771,MEF2C,RBFOX1,0.824859449286193,undirected,MEF2C,RBFOX1
772,MEF2C,RGS6,0.790832612456991,undirected,MEF2C,RGS6
773,MEF2C,RWDD2A,0.827058700805232,undirected,MEF2C,RWDD2A
774,MEF2C,SATB2,0.973311166599463,undirected,MEF2C,SATB2
775,MEF2C,SCAF1,0.553624450460329,undirected,MEF2C,SCAF1
776,MEF2C,SEMA6C,0.649972119101671,undirected,MEF2C,SEMA6C
777,MEF2C,SNX8,-0.868852173717036,undirected,MEF2C,SNX8
778,MEF2C,SRPK2,0.845239400286327,undirected,MEF2C,SRPK2
779,MEF2C,TLR9,0.531700057197437,undirected,MEF2C,TLR9
780,MEF2C,TRANK1,-0.793505269347064,undirected,MEF2C,TRANK1
781,MEF2C,YPEL3,0.639358957647105,undirected,MEF2C,YPEL3
782,MEF2C,ZEB2,0.890522277308502,undirected,MEF2C,ZEB2
783,MFHAS1,MYO15A,0.735652708570563,undirected,MFHAS1,MYO15A
784,MFHAS1,NCK1,-0.730838755535272,undirected,MFHAS1,NCK1
785,MFHAS1,NDFIP2,0.612675259277502,undirected,MFHAS1,NDFIP2
786,MFHAS1,OPCML,0.879615287950879,undirected,MFHAS1,OPCML
787,MFHAS1,PLCL1,0.931982840767674,undirected,MFHAS1,PLCL1
788,MFHAS1,PTPRF,-0.870451656293089,undirected,MFHAS1,PTPRF
789,MFHAS1,RAD9B,-0.906129975211283,undirected,MFHAS1,RAD9B
790,MFHAS1,RBFOX1,0.916067446060844,undirected,MFHAS1,RBFOX1
791,MFHAS1,RGS6,0.818325662101076,undirected,MFHAS1,RGS6
792,MFHAS1,RWDD2A,0.877130854264506,undirected,MFHAS1,RWDD2A
793,MFHAS1,SATB2,0.883736021269999,undirected,MFHAS1,SATB2
794,MFHAS1,SCAF1,0.504682307575367,undirected,MFHAS1,SCAF1
795,MFHAS1,SEMA6C,0.571448074703516,undirected,MFHAS1,SEMA6C
796,MFHAS1,SNX8,-0.710775376051363,undirected,MFHAS1,SNX8
797,MFHAS1,SRPK2,0.886619726714976,undirected,MFHAS1,SRPK2
798,MFHAS1,TRANK1,-0.875293822682457,undirected,MFHAS1,TRANK1
799,MFHAS1,YPEL3,0.532796014683228,undirected,MFHAS1,YPEL3
800,MFHAS1,ZEB2,0.927760915158352,undirected,MFHAS1,ZEB2
801,MYO15A,NCK1,-0.750804171711696,undirected,MYO15A,NCK1
802,MYO15A,NMUR2,0.63352028859504,undirected,MYO15A,NMUR2
803,MYO15A,OPCML,0.628738403108697,undirected,MYO15A,OPCML
804,MYO15A,PLCL1,0.616449986142761,undirected,MYO15A,PLCL1
805,MYO15A,PTPRF,-0.632041424605228,undirected,MYO15A,PTPRF
806,MYO15A,RAD9B,-0.826197879214103,undirected,MYO15A,RAD9B
807,MYO15A,RBFOX1,0.627574963016244,undirected,MYO15A,RBFOX1
808,MYO15A,RGS6,0.628163065453406,undirected,MYO15A,RGS6
809,MYO15A,RWDD2A,0.685395706190568,undirected,MYO15A,RWDD2A
810,MYO15A,SATB2,0.778779832055588,undirected,MYO15A,SATB2
811,MYO15A,SCAF1,0.614017913958256,undirected,MYO15A,SCAF1
812,MYO15A,SEMA6C,0.751471579631486,undirected,MYO15A,SEMA6C
813,MYO15A,SNX8,-0.569799006338685,undirected,MYO15A,SNX8
814,MYO15A,SRPK2,0.623887976572494,undirected,MYO15A,SRPK2
815,MYO15A,TLR9,0.555018315878875,undirected,MYO15A,TLR9
816,MYO15A,TRANK1,-0.754213449803522,undirected,MYO15A,TRANK1
817,MYO15A,YPEL3,0.819657877453515,undirected,MYO15A,YPEL3
818,MYO15A,ZEB2,0.640134952751945,undirected,MYO15A,ZEB2
819,NCK1,NMUR2,-0.598050501053267,undirected,NCK1,NMUR2
820,NCK1,OPCML,-0.73578414074867,undirected,NCK1,OPCML
821,NCK1,PLCL1,-0.633745724441896,undirected,NCK1,PLCL1
822,NCK1,PTPRF,0.730731157292939,undirected,NCK1,PTPRF
823,NCK1,RAD9B,0.654624759959785,undirected,NCK1,RAD9B
824,NCK1,RBFOX1,-0.7675880837463,undirected,NCK1,RBFOX1
825,NCK1,RGS6,-0.845214681741068,undirected,NCK1,RGS6
826,NCK1,SATB2,-0.778490254298532,undirected,NCK1,SATB2
827,NCK1,SCAF1,-0.676241989929078,undirected,NCK1,SCAF1
828,NCK1,SNX8,0.631712026019129,undirected,NCK1,SNX8
829,NCK1,SRPK2,-0.586163594317956,undirected,NCK1,SRPK2
830,NCK1,TLR9,-0.798270652935264,undirected,NCK1,TLR9
831,NCK1,TRANK1,0.518055718035765,undirected,NCK1,TRANK1
832,NCK1,TSNARE1,-0.669777465178427,undirected,NCK1,TSNARE1
833,NCK1,YPEL3,-0.837267647283439,undirected,NCK1,YPEL3
834,NCK1,ZEB2,-0.590273030351687,undirected,NCK1,ZEB2
835,NDFIP2,OPCML,0.56928512225431,undirected,NDFIP2,OPCML
836,NDFIP2,PLCL1,0.699640395810212,undirected,NDFIP2,PLCL1
837,NDFIP2,PTPRF,-0.548028910444438,undirected,NDFIP2,PTPRF
838,NDFIP2,RAD9B,-0.656758440130045,undirected,NDFIP2,RAD9B
839,NDFIP2,RBFOX1,0.617349748810994,undirected,NDFIP2,RBFOX1
840,NDFIP2,RWDD2A,0.770834491755621,undirected,NDFIP2,RWDD2A
841,NDFIP2,SATB2,0.583636935758332,undirected,NDFIP2,SATB2
842,NDFIP2,SNX8,-0.661742708182541,undirected,NDFIP2,SNX8
843,NDFIP2,SRPK2,0.833886507587883,undirected,NDFIP2,SRPK2
844,NDFIP2,TRANK1,-0.518514371913549,undirected,NDFIP2,TRANK1
845,NDFIP2,TRMT61A,-0.733162032647981,undirected,NDFIP2,TRMT61A
846,NDFIP2,ZEB2,0.591202946908863,undirected,NDFIP2,ZEB2
847,NMUR2,SATB2,0.536931368324534,undirected,NMUR2,SATB2
848,NMUR2,SEMA6C,0.503156242992161,undirected,NMUR2,SEMA6C
849,NMUR2,TLR9,0.537035355952723,undirected,NMUR2,TLR9
850,NMUR2,YPEL3,0.681954979841107,undirected,NMUR2,YPEL3
851,OPCML,PLCL1,0.785052229749271,undirected,OPCML,PLCL1
852,OPCML,PTPRF,-0.676390976467469,undirected,OPCML,PTPRF
853,OPCML,RAD9B,-0.789457766146156,undirected,OPCML,RAD9B
854,OPCML,RBFOX1,0.873110330174579,undirected,OPCML,RBFOX1
855,OPCML,RGS6,0.798906410103846,undirected,OPCML,RGS6
856,OPCML,RWDD2A,0.687507323160215,undirected,OPCML,RWDD2A
857,OPCML,SATB2,0.686118581080396,undirected,OPCML,SATB2
858,OPCML,SNX8,-0.538102131999395,undirected,OPCML,SNX8
859,OPCML,SRPK2,0.790129592197748,undirected,OPCML,SRPK2
860,OPCML,TRANK1,-0.719420433195079,undirected,OPCML,TRANK1
861,OPCML,ZEB2,0.743876589654859,undirected,OPCML,ZEB2
862,PLCL1,PTPRF,-0.887312253103813,undirected,PLCL1,PTPRF
863,PLCL1,RAD9B,-0.807902331115295,undirected,PLCL1,RAD9B
864,PLCL1,RBFOX1,0.921920500926412,undirected,PLCL1,RBFOX1
865,PLCL1,RGS6,0.679740218934393,undirected,PLCL1,RGS6
866,PLCL1,RWDD2A,0.90280487270165,undirected,PLCL1,RWDD2A
867,PLCL1,SATB2,0.872169383081581,undirected,PLCL1,SATB2
868,PLCL1,SNX8,-0.817266103673111,undirected,PLCL1,SNX8
869,PLCL1,SRPK2,0.931445894266706,undirected,PLCL1,SRPK2
870,PLCL1,TRANK1,-0.809074193395046,undirected,PLCL1,TRANK1
871,PLCL1,TRMT61A,-0.550294368125287,undirected,PLCL1,TRMT61A
872,PLCL1,ZEB2,0.902400892835898,undirected,PLCL1,ZEB2
873,PTPRF,RAD9B,0.823623350172263,undirected,PTPRF,RAD9B
874,PTPRF,RBFOX1,-0.814700969328774,undirected,PTPRF,RBFOX1
875,PTPRF,RGS6,-0.726493606659019,undirected,PTPRF,RGS6
876,PTPRF,RWDD2A,-0.847563979593118,undirected,PTPRF,RWDD2A
877,PTPRF,SATB2,-0.912757891272663,undirected,PTPRF,SATB2
878,PTPRF,SEMA6C,-0.655042538437134,undirected,PTPRF,SEMA6C
879,PTPRF,SERPINC1,-0.608858139006797,undirected,PTPRF,SERPINC1
880,PTPRF,SNX8,0.766512612470711,undirected,PTPRF,SNX8
881,PTPRF,SRPK2,-0.835945665198494,undirected,PTPRF,SRPK2
882,PTPRF,TLR9,-0.600254650331742,undirected,PTPRF,TLR9
883,PTPRF,TRANK1,0.781835788426493,undirected,PTPRF,TRANK1
884,PTPRF,YPEL3,-0.590888592673264,undirected,PTPRF,YPEL3
885,PTPRF,ZEB2,-0.877622435285421,undirected,PTPRF,ZEB2
886,RAD9B,RBFOX1,-0.763969438155014,undirected,RAD9B,RBFOX1
887,RAD9B,RGS6,-0.724177182835132,undirected,RAD9B,RGS6
888,RAD9B,RWDD2A,-0.892644698384507,undirected,RAD9B,RWDD2A
889,RAD9B,SATB2,-0.836444813831486,undirected,RAD9B,SATB2
890,RAD9B,SEMA6C,-0.674897743979735,undirected,RAD9B,SEMA6C
891,RAD9B,SNX8,0.620919832826551,undirected,RAD9B,SNX8
892,RAD9B,SRPK2,-0.847782697761082,undirected,RAD9B,SRPK2
893,RAD9B,TLR9,-0.518788432852208,undirected,RAD9B,TLR9
894,RAD9B,TRANK1,0.890139145474862,undirected,RAD9B,TRANK1
895,RAD9B,YPEL3,-0.546062924484439,undirected,RAD9B,YPEL3
896,RAD9B,ZEB2,-0.851440026892147,undirected,RAD9B,ZEB2
897,RBFOX1,RGS6,0.811788894086537,undirected,RBFOX1,RGS6
898,RBFOX1,RWDD2A,0.757154798124214,undirected,RBFOX1,RWDD2A
899,RBFOX1,SATB2,0.817105035193005,undirected,RBFOX1,SATB2
900,RBFOX1,SNX8,-0.807077371076858,undirected,RBFOX1,SNX8
901,RBFOX1,SRPK2,0.894117106481963,undirected,RBFOX1,SRPK2
902,RBFOX1,TRANK1,-0.66703647384533,undirected,RBFOX1,TRANK1
903,RBFOX1,YPEL3,0.551319261070263,undirected,RBFOX1,YPEL3
904,RBFOX1,ZEB2,0.797742637455057,undirected,RBFOX1,ZEB2
905,RGS6,RWDD2A,0.557809084424121,undirected,RGS6,RWDD2A
906,RGS6,SATB2,0.751358552865491,undirected,RGS6,SATB2
907,RGS6,SCAF1,0.546146697686715,undirected,RGS6,SCAF1
908,RGS6,SNX8,-0.623623965958027,undirected,RGS6,SNX8
909,RGS6,SRPK2,0.710589031028683,undirected,RGS6,SRPK2
910,RGS6,TLR9,0.566134277059866,undirected,RGS6,TLR9
911,RGS6,TRANK1,-0.588519970061169,undirected,RGS6,TRANK1
912,RGS6,TSNARE1,0.512430841689478,undirected,RGS6,TSNARE1
913,RGS6,YPEL3,0.577027135959659,undirected,RGS6,YPEL3
914,RGS6,ZEB2,0.708386760196861,undirected,RGS6,ZEB2
915,RWDD2A,SATB2,0.838402932804515,undirected,RWDD2A,SATB2
916,RWDD2A,SEMA6C,0.617664394634495,undirected,RWDD2A,SEMA6C
917,RWDD2A,SNX8,-0.721900172258367,undirected,RWDD2A,SNX8
918,RWDD2A,SRPK2,0.9047629897639,undirected,RWDD2A,SRPK2
919,RWDD2A,TRANK1,-0.879789118511718,undirected,RWDD2A,TRANK1
920,RWDD2A,TRMT61A,-0.561906199585521,undirected,RWDD2A,TRMT61A
921,RWDD2A,ZEB2,0.897136735686868,undirected,RWDD2A,ZEB2
922,SATB2,SCAF1,0.563629204615213,undirected,SATB2,SCAF1
923,SATB2,SEMA6C,0.717897231171455,undirected,SATB2,SEMA6C
924,SATB2,SERPINC1,0.533645697802881,undirected,SATB2,SERPINC1
925,SATB2,SNX8,-0.870750967860584,undirected,SATB2,SNX8
926,SATB2,SRPK2,0.824791350219412,undirected,SATB2,SRPK2
927,SATB2,TLR9,0.537604254916617,undirected,SATB2,TLR9
928,SATB2,TRANK1,-0.807296854360138,undirected,SATB2,TRANK1
929,SATB2,YPEL3,0.669090976447703,undirected,SATB2,YPEL3
930,SATB2,ZEB2,0.914917034101398,undirected,SATB2,ZEB2
931,SCAF1,SEMA6C,0.591426398174236,undirected,SCAF1,SEMA6C
932,SCAF1,SUGP1,0.806576362288961,undirected,SCAF1,SUGP1
933,SCAF1,TLR9,0.605049628573507,undirected,SCAF1,TLR9
934,SCAF1,TSNARE1,0.833352956085852,undirected,SCAF1,TSNARE1
935,SCAF1,TWF2,0.908868630822129,undirected,SCAF1,TWF2
936,SCAF1,YPEL3,0.746507037407578,undirected,SCAF1,YPEL3
937,SEMA6C,SERPINC1,0.742228164553322,undirected,SEMA6C,SERPINC1
938,SEMA6C,SUGP1,0.521361831917523,undirected,SEMA6C,SUGP1
939,SEMA6C,TLR9,0.56505819497016,undirected,SEMA6C,TLR9
940,SEMA6C,TRANK1,-0.739406646274571,undirected,SEMA6C,TRANK1
941,SEMA6C,TWF2,0.501740340076683,undirected,SEMA6C,TWF2
942,SEMA6C,YPEL3,0.700292491928457,undirected,SEMA6C,YPEL3
943,SEMA6C,ZEB2,0.661666776496936,undirected,SEMA6C,ZEB2
944,SERPINC1,TLR9,0.52740865554369,undirected,SERPINC1,TLR9
945,SERPINC1,TRANK1,-0.54302663710323,undirected,SERPINC1,TRANK1
946,SERPINC1,YPEL3,0.595575708080892,undirected,SERPINC1,YPEL3
947,SERPINC1,ZEB2,0.539691746324288,undirected,SERPINC1,ZEB2
948,SNX8,SRPK2,-0.828836050291072,undirected,SNX8,SRPK2
949,SNX8,TRANK1,0.516432663224714,undirected,SNX8,TRANK1
950,SNX8,TRMT61A,0.566539655879638,undirected,SNX8,TRMT61A
951,SNX8,YPEL3,-0.517284382948086,undirected,SNX8,YPEL3
952,SNX8,ZEB2,-0.733084922467073,undirected,SNX8,ZEB2
953,SRPK2,TRANK1,-0.747217477436468,undirected,SRPK2,TRANK1
954,SRPK2,TRMT61A,-0.668400026893129,undirected,SRPK2,TRMT61A
955,SRPK2,ZEB2,0.842707860231183,undirected,SRPK2,ZEB2
956,SUGP1,TLR9,0.68590576472921,undirected,SUGP1,TLR9
957,SUGP1,TSNARE1,0.8803073623719,undirected,SUGP1,TSNARE1
958,SUGP1,TWF2,0.886494990647104,undirected,SUGP1,TWF2
959,SUGP1,YPEL3,0.560029220575558,undirected,SUGP1,YPEL3
960,TLR9,TSNARE1,0.809293210042181,undirected,TLR9,TSNARE1
961,TLR9,TWF2,0.57776270918933,undirected,TLR9,TWF2
962,TLR9,YPEL3,0.771985809609912,undirected,TLR9,YPEL3
963,TRANK1,ZEB2,-0.911037430363432,undirected,TRANK1,ZEB2
964,TSNARE1,TWF2,0.839779993516087,undirected,TSNARE1,TWF2
965,TSNARE1,YPEL3,0.691488743454303,undirected,TSNARE1,YPEL3
966,TWF2,YPEL3,0.587139322050644,undirected,TWF2,YPEL3
